Testset,Method,P,R,F1,Acc
ASIAF,ML Classical Features trained on SOC and SA,0.9453125,0.9453125,0.9453125,0.9453125
SA,ML Classical Features trained on ASIAF and SOC,0.888059701493,0.865454545455,0.876611418048,0.865454545455
SOC,ML Classical Features trained on ASIAF and SA,0.846153846154,0.846153846154,0.846153846154,0.846153846154
