Testset,Method,P,R,F1,Acc
ASOIAF,First Mentioned,0.020582782878,0.0718406593407,0.0305611061487,0.2421875
ASOIAF,Most Commonly Mentioned,0.645043290043,0.659090909091,0.648228811822,0.9296875
SOC,First Mentioned,0.0771349862259,0.168939393939,0.105056707998,0.326086956522
SOC,Most Commonly Mentioned,0.681818181818,0.704264870932,0.687654320988,0.826086956522
